{
  "global_mean_des": 0.06267288342372594,
  "global_mean_abs": 0.13075120489931993,
  "min_n": 15,
  "prior_strength": 50.0
}